path,relative_path,role,required,source,exists,is_file,size_bytes,sha256
/home/merwijas/deu_class/CLASS-DEU/deu_validation/stage3a_outputs/stage3a10_full_objective_working_lock_guard_working_lock_manifest.json,deu_validation/stage3a_outputs/stage3a10_full_objective_working_lock_guard_working_lock_manifest.json,core_stage3a10_manifest,True,stage3b35_core_requirements,True,True,5519,b71436891c2fc6ffe5926ff427bf940b60010d4306270c422d778cc6e2ad4c22
/home/merwijas/deu_class/CLASS-DEU/deu_validation/stage3b_10_first_posterior_summary.py,deu_validation/stage3b_10_first_posterior_summary.py,stage_script,False,script_inventory,True,True,35691,19262b985a44e98ae79a9bc1d23cb73afffdb8089254f1c94c39012784f67861
/home/merwijas/deu_class/CLASS-DEU/deu_validation/stage3b_11_posterior_robustness_comparison.py,deu_validation/stage3b_11_posterior_robustness_comparison.py,stage_script,False,script_inventory,True,True,42652,c7d76f93342f0b688b82a418e0d0427679a74608a8d730e7badad9bb102c4db8
/home/merwijas/deu_class/CLASS-DEU/deu_validation/stage3b_12_external_model_comparison_preflight.py,deu_validation/stage3b_12_external_model_comparison_preflight.py,stage_script,False,script_inventory,True,True,41302,67e743cff784411bcbd77cb8e653ee5d92c7b5d2c3bef6850670b2f175bb879a
/home/merwijas/deu_class/CLASS-DEU/deu_validation/stage3b_13_scoped_final_claim_lock.py,deu_validation/stage3b_13_scoped_final_claim_lock.py,stage_script,False,script_inventory,True,True,37355,000722d11336b87e59b732aacf37017fa289aff8904ddf3fe37a7e8c896f6015
/home/merwijas/deu_class/CLASS-DEU/deu_validation/stage3b_14_baseline_native_model_comparison_extension.py,deu_validation/stage3b_14_baseline_native_model_comparison_extension.py,stage_script,False,script_inventory,True,True,37888,03229cf32cc7702da9010cb661319802293daa173fc473319d035cfbe0657262
/home/merwijas/deu_class/CLASS-DEU/deu_validation/stage3b_15_matched_native_baseline_preflight.py,deu_validation/stage3b_15_matched_native_baseline_preflight.py,stage_script,False,script_inventory,True,True,48824,2392838520bd12184d0d78c71b979fb5e329df1786d4dd380b9cb9bc7d0202b3
/home/merwijas/deu_class/CLASS-DEU/deu_validation/stage3b_16_native_baseline_sampler_checkpoint.py,deu_validation/stage3b_16_native_baseline_sampler_checkpoint.py,stage_script,False,script_inventory,True,True,40265,f60eb5c881e14757a624b3d381d087b649d6e5d93f309e2563b06dbe09313d7d
/home/merwijas/deu_class/CLASS-DEU/deu_validation/stage3b_17_native_baseline_readiness_comparison_gate.py,deu_validation/stage3b_17_native_baseline_readiness_comparison_gate.py,stage_script,False,script_inventory,True,True,50451,0dbea398c1aa9ab85b606b9f34bff6b3c8fffb9770f6e3c9f13578634c9c565b
/home/merwijas/deu_class/CLASS-DEU/deu_validation/stage3b_18_additional_native_baseline_chains_readiness.py,deu_validation/stage3b_18_additional_native_baseline_chains_readiness.py,stage_script,False,script_inventory,True,True,47884,5dcc6a51cb9199933a850651955649b036f08c58471d5ef6b403463ef19c1049
/home/merwijas/deu_class/CLASS-DEU/deu_validation/stage3b_19_matched_deu_native_comparison_claim_lock.py,deu_validation/stage3b_19_matched_deu_native_comparison_claim_lock.py,stage_script,False,script_inventory,True,True,47224,188712890d4f4db581573b98b36ddf9045998e6855859cd150a45cbb67f11a03
/home/merwijas/deu_class/CLASS-DEU/deu_validation/stage3b_20_final_scoped_internal_report.py,deu_validation/stage3b_20_final_scoped_internal_report.py,stage_script,False,script_inventory,True,True,40090,f2d121ce1554b2ab4bb22ee0d042dc441880a5d8b1ad108198a54820924ec7d3
/home/merwijas/deu_class/CLASS-DEU/deu_validation/stage3b_21_evidence_model_selection_design.py,deu_validation/stage3b_21_evidence_model_selection_design.py,stage_script,False,script_inventory,True,True,38353,05424ed4072d190aeb46860b56c6e8f76dff56b5105e289354f0cda1bfe6a0e6
/home/merwijas/deu_class/CLASS-DEU/deu_validation/stage3b_22_evidence_estimator_preflight.py,deu_validation/stage3b_22_evidence_estimator_preflight.py,stage_script,False,script_inventory,True,True,45184,c0a21b28de6c718f437051e0e0b7b52fb2ba4aea477f36ddd2e692cd4dddd953
/home/merwijas/deu_class/CLASS-DEU/deu_validation/stage3b_23_matched_evidence_estimator_execution_checkpoint.py,deu_validation/stage3b_23_matched_evidence_estimator_execution_checkpoint.py,stage_script,False,script_inventory,True,True,45036,2027f63abf2383400dd540f2428a2aadee42d67857717c2f56eb27dc34091be9
/home/merwijas/deu_class/CLASS-DEU/deu_validation/stage3b_24_evidence_result_gate_sensitivity_audit.py,deu_validation/stage3b_24_evidence_result_gate_sensitivity_audit.py,stage_script,False,script_inventory,True,True,39182,60c9ef329e1a496652cc2bfc186e2a01a7f82d4b9a68aabd381cecce15fc0299
/home/merwijas/deu_class/CLASS-DEU/deu_validation/stage3b_25_formal_evidence_crosscheck_preflight.py,deu_validation/stage3b_25_formal_evidence_crosscheck_preflight.py,stage_script,False,script_inventory,True,True,48817,40ae2a97dc265d9c8ff8a03848b06508649ef4c2fa1f759ec2dff829a202898e
/home/merwijas/deu_class/CLASS-DEU/deu_validation/stage3b_26_formal_evidence_crosscheck_execution_checkpoint.py,deu_validation/stage3b_26_formal_evidence_crosscheck_execution_checkpoint.py,stage_script,False,script_inventory,True,True,50902,9300791fdf12eff4ed4b5d6a606ac95c0f72882c91abf0c547f0b874109745b0
/home/merwijas/deu_class/CLASS-DEU/deu_validation/stage3b_27_formal_evidence_result_gate_sensitivity_audit.py,deu_validation/stage3b_27_formal_evidence_result_gate_sensitivity_audit.py,stage_script,False,script_inventory,True,True,44266,1fe82bf2fd529e7f578a103021c4eaaf59f0ea022e20131439c32a88ed9a5910
/home/merwijas/deu_class/CLASS-DEU/deu_validation/stage3b_28_formal_evidence_claim_lock_addendum.py,deu_validation/stage3b_28_formal_evidence_claim_lock_addendum.py,stage_script,False,script_inventory,True,True,38396,b4753b7f110f1c2782d72b420bbd8dbeedde37f954c207912f49dd5edd5e8125
/home/merwijas/deu_class/CLASS-DEU/deu_validation/stage3b_29_external_publication_claim_preflight.py,deu_validation/stage3b_29_external_publication_claim_preflight.py,stage_script,False,script_inventory,True,True,40267,5b79de6b15e1007387bb1b3098d9024c99f30f5b61c13b44fa009c82ce00204e
/home/merwijas/deu_class/CLASS-DEU/deu_validation/stage3b_30_independent_evidence_validation_preflight.py,deu_validation/stage3b_30_independent_evidence_validation_preflight.py,stage_script,False,script_inventory,True,True,48371,8fce12d85e182cb2a6724bfee5a527a5ed7789e7ca25cf08594138eea7c901f0
/home/merwijas/deu_class/CLASS-DEU/deu_validation/stage3b_31_independent_evidence_validation_execution_checkpoint.py,deu_validation/stage3b_31_independent_evidence_validation_execution_checkpoint.py,stage_script,False,script_inventory,True,True,58086,4dba4fc50b24d97ddd2aa775461697ffcd34762353cd0ad0b8cffaa15c4586d6
/home/merwijas/deu_class/CLASS-DEU/deu_validation/stage3b_32_independent_evidence_result_gate_publication_lock.py,deu_validation/stage3b_32_independent_evidence_result_gate_publication_lock.py,stage_script,False,script_inventory,True,True,52374,0eb73b85619270262d649ed58974129a8e4cc73ff4a08999a4f7f40d34cbc8da
/home/merwijas/deu_class/CLASS-DEU/deu_validation/stage3b_33_external_evidence_publication_claim_lock_addendum.py,deu_validation/stage3b_33_external_evidence_publication_claim_lock_addendum.py,stage_script,False,script_inventory,True,True,39318,9304eadb3389ab24230a05a69cde48432291bb17d4e94a28abff149b4a3c3ea4
/home/merwijas/deu_class/CLASS-DEU/deu_validation/stage3b_34_publication_grade_replication_preflight.py,deu_validation/stage3b_34_publication_grade_replication_preflight.py,stage_script,False,script_inventory,True,True,40297,f9e550f9e5a1ad1322374aa7a5f71ac48fa8029aba3ce08aca5fbfb81016798c
/home/merwijas/deu_class/CLASS-DEU/deu_validation/stage3b_9_additional_production_chains_readiness.py,deu_validation/stage3b_9_additional_production_chains_readiness.py,stage_script,False,script_inventory,True,True,46550,f3f6a64c53aaae5d8a8a9c42f31804c9599eee984d8bfafcf68e29ec8c7546e8
/home/merwijas/deu_class/CLASS-DEU/deu_validation/stage3b_outputs/chains/stage3b16_native_baseline_run.1.txt,deu_validation/stage3b_outputs/chains/stage3b16_native_baseline_run.1.txt,readiness_chain_file;replication_high_value_artifact,True,chain_inventory;stage3b34_artifact_manifest_csv,True,True,542271,47661d07f0540e7c0a3a826484c7803b7f127c6155f4362c83c3f9a78b5c32a1
/home/merwijas/deu_class/CLASS-DEU/deu_validation/stage3b_outputs/chains/stage3b16_native_baseline_run_additional_chain01.1.txt,deu_validation/stage3b_outputs/chains/stage3b16_native_baseline_run_additional_chain01.1.txt,readiness_chain_file;replication_high_value_artifact,True,chain_inventory;stage3b34_artifact_manifest_csv,True,True,542271,9d6691f569a54753f011e334d971a20d8e05e2c1eff28ab50f0c5d6a5f42bfe1
/home/merwijas/deu_class/CLASS-DEU/deu_validation/stage3b_outputs/chains/stage3b6_first_production_run.1.txt,deu_validation/stage3b_outputs/chains/stage3b6_first_production_run.1.txt,readiness_chain_file;replication_high_value_artifact,True,chain_inventory;stage3b34_artifact_manifest_csv,True,True,646323,ab71be16894d2eb17496873ad4322367d5e1780e50e12e192094edaf81d2aba9
/home/merwijas/deu_class/CLASS-DEU/deu_validation/stage3b_outputs/chains/stage3b6_first_production_run_additional_chain01.1.txt,deu_validation/stage3b_outputs/chains/stage3b6_first_production_run_additional_chain01.1.txt,readiness_chain_file;replication_high_value_artifact,True,chain_inventory;stage3b34_artifact_manifest_csv,True,True,646323,d206803889374a75e67863fe8c3a8e6d37c8dde31f740785866b1b7291f8e6ba
/home/merwijas/deu_class/CLASS-DEU/deu_validation/stage3b_outputs/stage3b10_first_posterior_summary.json,deu_validation/stage3b_outputs/stage3b10_first_posterior_summary.json,lineage_json:stage3b10_first_posterior_summary;required_core_stage_artifact,True,lineage_core;stage3b34_artifact_manifest_csv,True,True,14354,6d37b18d73a96aa2ea3a7cf95b814d63a3efd81f5e781c36ab51dd717aed1e3c
/home/merwijas/deu_class/CLASS-DEU/deu_validation/stage3b_outputs/stage3b10_first_posterior_summary_acceptance.md,deu_validation/stage3b_outputs/stage3b10_first_posterior_summary_acceptance.md,required_core_stage_artifact,True,stage3b34_artifact_manifest_csv,True,True,4430,317e723d610450c73e43472c600c22648b32d5c17c86a59f9b17182ee9d6aabb
/home/merwijas/deu_class/CLASS-DEU/deu_validation/stage3b_outputs/stage3b10_first_posterior_summary_posterior_summary.md,deu_validation/stage3b_outputs/stage3b10_first_posterior_summary_posterior_summary.md,replication_high_value_artifact,True,stage3b34_artifact_manifest_csv,True,True,3803,233c12879dc7bcb312fdb2c25819ab830d79419a53c62fc750ffb8ab3a45c61c
/home/merwijas/deu_class/CLASS-DEU/deu_validation/stage3b_outputs/stage3b11_posterior_robustness_comparison.json,deu_validation/stage3b_outputs/stage3b11_posterior_robustness_comparison.json,lineage_json:stage3b11_posterior_robustness_comparison;required_core_stage_artifact,True,lineage_core;stage3b34_artifact_manifest_csv,True,True,62173,1ecf8542c2191e65fc72cc2114df4014ecdaf5a0f7bb840d8cca2465ecabd10d
/home/merwijas/deu_class/CLASS-DEU/deu_validation/stage3b_outputs/stage3b11_posterior_robustness_comparison_acceptance.md,deu_validation/stage3b_outputs/stage3b11_posterior_robustness_comparison_acceptance.md,required_core_stage_artifact,True,stage3b34_artifact_manifest_csv,True,True,5462,59f78e05f7c04c02b8dc53f30009a045c4136f7feeaf021ad18cb6b7183cccd8
/home/merwijas/deu_class/CLASS-DEU/deu_validation/stage3b_outputs/stage3b18_additional_native_baseline_chains_readiness.json,deu_validation/stage3b_outputs/stage3b18_additional_native_baseline_chains_readiness.json,lineage_json:stage3b18_additional_native_baseline_chains_readiness;required_core_stage_artifact,True,lineage_core;stage3b34_artifact_manifest_csv,True,True,40364,72650f3f81532d9352961dc1f991164ca4928a689ca68d3cf3ea0f6a8ed61065
/home/merwijas/deu_class/CLASS-DEU/deu_validation/stage3b_outputs/stage3b18_additional_native_baseline_chains_readiness_acceptance.md,deu_validation/stage3b_outputs/stage3b18_additional_native_baseline_chains_readiness_acceptance.md,required_core_stage_artifact,True,stage3b34_artifact_manifest_csv,True,True,10362,af422e805d7f8bbba955f89940e3f4c0f93ea9626958d770aaf34e7fb3169ce5
/home/merwijas/deu_class/CLASS-DEU/deu_validation/stage3b_outputs/stage3b18_additional_native_baseline_chains_readiness_readiness_manifest.json,deu_validation/stage3b_outputs/stage3b18_additional_native_baseline_chains_readiness_readiness_manifest.json,lineage_manifest:stage3b18_additional_native_baseline_chains_readiness,True,lineage_core,True,True,2551,eeb477aa8d50f29a5355c0544d28ed7460aead82ea43f4d77d311a7dd76db1ea
/home/merwijas/deu_class/CLASS-DEU/deu_validation/stage3b_outputs/stage3b19_matched_deu_native_comparison_claim_lock.json,deu_validation/stage3b_outputs/stage3b19_matched_deu_native_comparison_claim_lock.json,lineage_json:stage3b19_matched_deu_native_comparison_claim_lock;required_core_stage_artifact,True,lineage_core;stage3b34_artifact_manifest_csv,True,True,23030,0c19cabfd3e56eaa3b52a9158292c4b255c550f9599c1ebec089fbb63105b49c
/home/merwijas/deu_class/CLASS-DEU/deu_validation/stage3b_outputs/stage3b19_matched_deu_native_comparison_claim_lock_acceptance.md,deu_validation/stage3b_outputs/stage3b19_matched_deu_native_comparison_claim_lock_acceptance.md,required_core_stage_artifact,True,stage3b34_artifact_manifest_csv,True,True,6722,42476589cbd8fcbfac0177668c07ffc1961bca4a72ede9b6ffc72d94b1160768
/home/merwijas/deu_class/CLASS-DEU/deu_validation/stage3b_outputs/stage3b19_matched_deu_native_comparison_claim_lock_comparison_manifest.json,deu_validation/stage3b_outputs/stage3b19_matched_deu_native_comparison_claim_lock_comparison_manifest.json,lineage_manifest:stage3b19_matched_deu_native_comparison_claim_lock,True,lineage_core,True,True,1710,462b802cb1053b18f3dcf3b98e8f69c11b0b2d4451bea6ad1ded4a129a1c917a
/home/merwijas/deu_class/CLASS-DEU/deu_validation/stage3b_outputs/stage3b20_final_scoped_internal_report.json,deu_validation/stage3b_outputs/stage3b20_final_scoped_internal_report.json,lineage_json:stage3b20_final_scoped_internal_report;required_core_stage_artifact,True,lineage_core;stage3b34_artifact_manifest_csv,True,True,28292,c13417bb540ff713e8940e7eca93cca5dcc57090ee19e5913b0ea725b21c3bd9
/home/merwijas/deu_class/CLASS-DEU/deu_validation/stage3b_outputs/stage3b20_final_scoped_internal_report_acceptance.md,deu_validation/stage3b_outputs/stage3b20_final_scoped_internal_report_acceptance.md,required_core_stage_artifact,True,stage3b34_artifact_manifest_csv,True,True,5915,153d10b0b135e14185d8855bf8207c1375e9e23be2ad85c999c91e39d4ad476f
/home/merwijas/deu_class/CLASS-DEU/deu_validation/stage3b_outputs/stage3b20_final_scoped_internal_report_final_scoped_report.md,deu_validation/stage3b_outputs/stage3b20_final_scoped_internal_report_final_scoped_report.md,replication_high_value_artifact,True,stage3b34_artifact_manifest_csv,True,True,2829,a7de0bf4296b7efbfeaebc9f73e351dd3df0bf78aeaa42346c1db9b848600cda
/home/merwijas/deu_class/CLASS-DEU/deu_validation/stage3b_outputs/stage3b20_final_scoped_internal_report_manifest.json,deu_validation/stage3b_outputs/stage3b20_final_scoped_internal_report_manifest.json,lineage_manifest:stage3b20_final_scoped_internal_report,True,lineage_core,True,True,1654,83d59152e45cbb96b702212b949742f5fd0d8dd062906f331f852b3eaae984a8
/home/merwijas/deu_class/CLASS-DEU/deu_validation/stage3b_outputs/stage3b22_evidence_estimator_preflight.json,deu_validation/stage3b_outputs/stage3b22_evidence_estimator_preflight.json,lineage_json:stage3b22_evidence_estimator_preflight;required_core_stage_artifact,True,lineage_core;stage3b34_artifact_manifest_csv,True,True,27014,6c2ae5f227e0bb51b1083f700060785e09dc042f4f87126db078e6b870abc639
/home/merwijas/deu_class/CLASS-DEU/deu_validation/stage3b_outputs/stage3b22_evidence_estimator_preflight_acceptance.md,deu_validation/stage3b_outputs/stage3b22_evidence_estimator_preflight_acceptance.md,required_core_stage_artifact,True,stage3b34_artifact_manifest_csv,True,True,6076,8f7f123575e8da075f2e2f2787e113d87c86dc517d5bd03c0a810c4d0ed4b22d
/home/merwijas/deu_class/CLASS-DEU/deu_validation/stage3b_outputs/stage3b22_evidence_estimator_preflight_preflight_manifest.json,deu_validation/stage3b_outputs/stage3b22_evidence_estimator_preflight_preflight_manifest.json,lineage_manifest:stage3b22_evidence_estimator_preflight,True,lineage_core,True,True,1575,8932099eb631e82c82d55d51d526a9ffbf4cc9fc8f3c38de09f861246c0f86a6
/home/merwijas/deu_class/CLASS-DEU/deu_validation/stage3b_outputs/stage3b23_matched_evidence_estimator_execution_checkpoint.json,deu_validation/stage3b_outputs/stage3b23_matched_evidence_estimator_execution_checkpoint.json,lineage_json:stage3b23_matched_evidence_estimator_execution_checkpoint;required_core_stage_artifact,True,lineage_core;stage3b34_artifact_manifest_csv,True,True,21440,da088d906b618ea93576f30fc456433aa6e7ec5c48beb3b540ff5a14d9d54da4
/home/merwijas/deu_class/CLASS-DEU/deu_validation/stage3b_outputs/stage3b23_matched_evidence_estimator_execution_checkpoint_acceptance.md,deu_validation/stage3b_outputs/stage3b23_matched_evidence_estimator_execution_checkpoint_acceptance.md,required_core_stage_artifact,True,stage3b34_artifact_manifest_csv,True,True,6119,70f75654ad88c648dc4bd7650b1fdea6ff96f3df5c350e27e5cf892fa6225bad
/home/merwijas/deu_class/CLASS-DEU/deu_validation/stage3b_outputs/stage3b23_matched_evidence_estimator_execution_checkpoint_execution_manifest.json,deu_validation/stage3b_outputs/stage3b23_matched_evidence_estimator_execution_checkpoint_execution_manifest.json,lineage_manifest:stage3b23_matched_evidence_estimator_execution_checkpoint,True,lineage_core,True,True,1826,0f6a99b01e412e9da9c278780bb346da6dbab142ffaeb2a6064c8846437661a1
/home/merwijas/deu_class/CLASS-DEU/deu_validation/stage3b_outputs/stage3b24_evidence_result_gate_sensitivity_audit.json,deu_validation/stage3b_outputs/stage3b24_evidence_result_gate_sensitivity_audit.json,lineage_json:stage3b24_evidence_result_gate_sensitivity_audit;required_core_stage_artifact,True,lineage_core;stage3b34_artifact_manifest_csv,True,True,17599,4e7cbe8a80d55fbf1527ad224d85544fef50c63c5217a877c22d7c39cde514be
/home/merwijas/deu_class/CLASS-DEU/deu_validation/stage3b_outputs/stage3b24_evidence_result_gate_sensitivity_audit_acceptance.md,deu_validation/stage3b_outputs/stage3b24_evidence_result_gate_sensitivity_audit_acceptance.md,required_core_stage_artifact,True,stage3b34_artifact_manifest_csv,True,True,3687,8b41a2bdb517f565673c0b29030c7397553c23d4a50681d28294e9e22cc07b09
/home/merwijas/deu_class/CLASS-DEU/deu_validation/stage3b_outputs/stage3b25_formal_evidence_crosscheck_preflight.json,deu_validation/stage3b_outputs/stage3b25_formal_evidence_crosscheck_preflight.json,lineage_json:stage3b25_formal_evidence_crosscheck_preflight;required_core_stage_artifact,True,lineage_core;stage3b34_artifact_manifest_csv,True,True,24793,f781a419184445a3346a369fa494162b2a20d802dd96f7c8c25083e684ed67a6
/home/merwijas/deu_class/CLASS-DEU/deu_validation/stage3b_outputs/stage3b25_formal_evidence_crosscheck_preflight_acceptance.md,deu_validation/stage3b_outputs/stage3b25_formal_evidence_crosscheck_preflight_acceptance.md,required_core_stage_artifact,True,stage3b34_artifact_manifest_csv,True,True,6987,0acfa781c8c82e1564aa970a67a6779774ae01082980be72de0c1dd30330e846
/home/merwijas/deu_class/CLASS-DEU/deu_validation/stage3b_outputs/stage3b25_formal_evidence_crosscheck_preflight_preflight_manifest.json,deu_validation/stage3b_outputs/stage3b25_formal_evidence_crosscheck_preflight_preflight_manifest.json,lineage_manifest:stage3b25_formal_evidence_crosscheck_preflight,True,lineage_core,True,True,2009,88d329c5a3b5db768f746871afa684eb23069f24219326116d521800f2cb75c7
/home/merwijas/deu_class/CLASS-DEU/deu_validation/stage3b_outputs/stage3b26_formal_evidence_crosscheck_execution_checkpoint.json,deu_validation/stage3b_outputs/stage3b26_formal_evidence_crosscheck_execution_checkpoint.json,lineage_json:stage3b26_formal_evidence_crosscheck_execution_checkpoint;required_core_stage_artifact,True,lineage_core;stage3b34_artifact_manifest_csv,True,True,29230,421a2821fcad3ae869aa21e72ed39e23650c6bf45152ebd3a73dd8811de81560
/home/merwijas/deu_class/CLASS-DEU/deu_validation/stage3b_outputs/stage3b26_formal_evidence_crosscheck_execution_checkpoint_acceptance.md,deu_validation/stage3b_outputs/stage3b26_formal_evidence_crosscheck_execution_checkpoint_acceptance.md,required_core_stage_artifact,True,stage3b34_artifact_manifest_csv,True,True,6809,ede33e5d6ea3d760cf56a62be98ea0844cf4bd57264d98f601dd7e782ef5df88
/home/merwijas/deu_class/CLASS-DEU/deu_validation/stage3b_outputs/stage3b26_formal_evidence_crosscheck_execution_checkpoint_execution_manifest.json,deu_validation/stage3b_outputs/stage3b26_formal_evidence_crosscheck_execution_checkpoint_execution_manifest.json,lineage_manifest:stage3b26_formal_evidence_crosscheck_execution_checkpoint,True,lineage_core,True,True,1819,9bdc1a86f5763c1f7a9cdeb707e775954542f3958e99185271d0a9b54f22180a
/home/merwijas/deu_class/CLASS-DEU/deu_validation/stage3b_outputs/stage3b27_formal_evidence_result_gate_sensitivity_audit.json,deu_validation/stage3b_outputs/stage3b27_formal_evidence_result_gate_sensitivity_audit.json,lineage_json:stage3b27_formal_evidence_result_gate_sensitivity_audit;required_core_stage_artifact,True,lineage_core;stage3b34_artifact_manifest_csv,True,True,21734,bcbc0e9a9bd54883a75dc52f276ba99500dc84a48b645a5832b34496e1744fd5
/home/merwijas/deu_class/CLASS-DEU/deu_validation/stage3b_outputs/stage3b27_formal_evidence_result_gate_sensitivity_audit_acceptance.md,deu_validation/stage3b_outputs/stage3b27_formal_evidence_result_gate_sensitivity_audit_acceptance.md,required_core_stage_artifact,True,stage3b34_artifact_manifest_csv,True,True,7207,ac14f653140e750d04e03d88923ec03c4402b12fa6bc970fa58238db39f7abf5
/home/merwijas/deu_class/CLASS-DEU/deu_validation/stage3b_outputs/stage3b27_formal_evidence_result_gate_sensitivity_audit_gate_manifest.json,deu_validation/stage3b_outputs/stage3b27_formal_evidence_result_gate_sensitivity_audit_gate_manifest.json,lineage_manifest:stage3b27_formal_evidence_result_gate_sensitivity_audit,True,lineage_core,True,True,2044,c0712d9e8d12fea76d5e88a9cfeb544dc7679b332906b425cc35c474f947e536
/home/merwijas/deu_class/CLASS-DEU/deu_validation/stage3b_outputs/stage3b28_formal_evidence_claim_lock_addendum.json,deu_validation/stage3b_outputs/stage3b28_formal_evidence_claim_lock_addendum.json,lineage_json:stage3b28_formal_evidence_claim_lock_addendum;required_core_stage_artifact,True,lineage_core;stage3b34_artifact_manifest_csv,True,True,18886,31ad3573df45874d7cda17b77c47a8305d8e0512530941f7d5471fd99ce76602
/home/merwijas/deu_class/CLASS-DEU/deu_validation/stage3b_outputs/stage3b28_formal_evidence_claim_lock_addendum_acceptance.md,deu_validation/stage3b_outputs/stage3b28_formal_evidence_claim_lock_addendum_acceptance.md,required_core_stage_artifact,True,stage3b34_artifact_manifest_csv,True,True,6370,c82899c1f5af8a3d1c98207371181d5eb6414d730e80d37d60b1f88bf9a2c251
/home/merwijas/deu_class/CLASS-DEU/deu_validation/stage3b_outputs/stage3b28_formal_evidence_claim_lock_addendum_addendum_manifest.json,deu_validation/stage3b_outputs/stage3b28_formal_evidence_claim_lock_addendum_addendum_manifest.json,lineage_manifest:stage3b28_formal_evidence_claim_lock_addendum,True,lineage_core,True,True,1581,600f0faa703899ee9551e7431edbbb767852ec7b2b3b0b239704a6ba857285e4
/home/merwijas/deu_class/CLASS-DEU/deu_validation/stage3b_outputs/stage3b29_external_publication_claim_preflight.json,deu_validation/stage3b_outputs/stage3b29_external_publication_claim_preflight.json,lineage_json:stage3b29_external_publication_claim_preflight;required_core_stage_artifact,True,lineage_core;stage3b34_artifact_manifest_csv,True,True,21538,2977ec6c1a0e1aa142a31af39f152f328abcbd877e7a03b44d068338722c590d
/home/merwijas/deu_class/CLASS-DEU/deu_validation/stage3b_outputs/stage3b29_external_publication_claim_preflight_acceptance.md,deu_validation/stage3b_outputs/stage3b29_external_publication_claim_preflight_acceptance.md,required_core_stage_artifact,True,stage3b34_artifact_manifest_csv,True,True,6238,abc3dc45e79d97898adc8c31ab449bf4b58e9def71a661b375b5605bf813cf3c
/home/merwijas/deu_class/CLASS-DEU/deu_validation/stage3b_outputs/stage3b29_external_publication_claim_preflight_preflight_manifest.json,deu_validation/stage3b_outputs/stage3b29_external_publication_claim_preflight_preflight_manifest.json,lineage_manifest:stage3b29_external_publication_claim_preflight,True,lineage_core,True,True,2014,672b6f70ddbaf6cdfcf0afdc2a8caae00b6524202c1b0d060934872be6def395
/home/merwijas/deu_class/CLASS-DEU/deu_validation/stage3b_outputs/stage3b30_independent_evidence_validation_preflight.json,deu_validation/stage3b_outputs/stage3b30_independent_evidence_validation_preflight.json,lineage_json:stage3b30_independent_evidence_validation_preflight;required_core_stage_artifact,True,lineage_core;stage3b34_artifact_manifest_csv,True,True,24159,8987adeaed5438cbe6e23bfa5ac7ddf8e0281f556b935f668cc077fdc2b11c92
/home/merwijas/deu_class/CLASS-DEU/deu_validation/stage3b_outputs/stage3b30_independent_evidence_validation_preflight_acceptance.md,deu_validation/stage3b_outputs/stage3b30_independent_evidence_validation_preflight_acceptance.md,required_core_stage_artifact,True,stage3b34_artifact_manifest_csv,True,True,7257,75e97b318bfa6fb6dd6e11849f82cf77192e193960b0fe51d58348f830e1b546
/home/merwijas/deu_class/CLASS-DEU/deu_validation/stage3b_outputs/stage3b30_independent_evidence_validation_preflight_preflight_manifest.json,deu_validation/stage3b_outputs/stage3b30_independent_evidence_validation_preflight_preflight_manifest.json,lineage_manifest:stage3b30_independent_evidence_validation_preflight,True,lineage_core,True,True,1828,4f00e925df0e8020db7a4d1dd80007796dbd67880d6f6db308370166cef3b5ea
/home/merwijas/deu_class/CLASS-DEU/deu_validation/stage3b_outputs/stage3b31_independent_evidence_validation_execution_checkpoint.json,deu_validation/stage3b_outputs/stage3b31_independent_evidence_validation_execution_checkpoint.json,lineage_json:stage3b31_independent_evidence_validation_execution_checkpoint;required_core_stage_artifact,True,lineage_core;stage3b34_artifact_manifest_csv,True,True,50230,79be257d0392326d95211f31663e447f40ed3dba8a66e5b1ac6524fa5ab22d12
/home/merwijas/deu_class/CLASS-DEU/deu_validation/stage3b_outputs/stage3b31_independent_evidence_validation_execution_checkpoint_acceptance.md,deu_validation/stage3b_outputs/stage3b31_independent_evidence_validation_execution_checkpoint_acceptance.md,required_core_stage_artifact,True,stage3b34_artifact_manifest_csv,True,True,8204,84fe4ab94af83fb5d270011fc58bc35d0a44013ff286d340799bee6358b7d5b8
/home/merwijas/deu_class/CLASS-DEU/deu_validation/stage3b_outputs/stage3b31_independent_evidence_validation_execution_checkpoint_execution_manifest.json,deu_validation/stage3b_outputs/stage3b31_independent_evidence_validation_execution_checkpoint_execution_manifest.json,lineage_manifest:stage3b31_independent_evidence_validation_execution_checkpoint,True,lineage_core,True,True,2322,70fa1e05d69caf8eefd4169470807ef071ce89458bc0ed88ecbbc306114b7d5e
/home/merwijas/deu_class/CLASS-DEU/deu_validation/stage3b_outputs/stage3b32_independent_evidence_result_gate_publication_lock.json,deu_validation/stage3b_outputs/stage3b32_independent_evidence_result_gate_publication_lock.json,lineage_json:stage3b32_independent_evidence_result_gate_publication_lock;required_core_stage_artifact,True,lineage_core;stage3b34_artifact_manifest_csv,True,True,22598,d3c373298f313bd44c5fdd36f3fc219a05a8ca3a4d67ea0bd5e5001b42cbae8f
/home/merwijas/deu_class/CLASS-DEU/deu_validation/stage3b_outputs/stage3b32_independent_evidence_result_gate_publication_lock_acceptance.md,deu_validation/stage3b_outputs/stage3b32_independent_evidence_result_gate_publication_lock_acceptance.md,required_core_stage_artifact,True,stage3b34_artifact_manifest_csv,True,True,7585,b230a1f92b1381c7c22ba42154c757dda9c2d25d7739593fa38a3057578ea4ac
/home/merwijas/deu_class/CLASS-DEU/deu_validation/stage3b_outputs/stage3b32_independent_evidence_result_gate_publication_lock_gate_manifest.json,deu_validation/stage3b_outputs/stage3b32_independent_evidence_result_gate_publication_lock_gate_manifest.json,lineage_manifest:stage3b32_independent_evidence_result_gate_publication_lock,True,lineage_core,True,True,2654,9aa138cea9f6464d9094b6632a9e7f6b12a09acab6330023de5252718daa069c
/home/merwijas/deu_class/CLASS-DEU/deu_validation/stage3b_outputs/stage3b33_external_evidence_publication_claim_lock_addendum.json,deu_validation/stage3b_outputs/stage3b33_external_evidence_publication_claim_lock_addendum.json,lineage_json:stage3b33_external_evidence_publication_claim_lock_addendum;required_core_stage_artifact,True,lineage_core;stage3b34_artifact_manifest_csv,True,True,16374,b6937e493f1cc178cf872b9dc2e45f5caa9b30c6d3e2be49070499f2d0db6bee
/home/merwijas/deu_class/CLASS-DEU/deu_validation/stage3b_outputs/stage3b33_external_evidence_publication_claim_lock_addendum_acceptance.md,deu_validation/stage3b_outputs/stage3b33_external_evidence_publication_claim_lock_addendum_acceptance.md,required_core_stage_artifact,True,stage3b34_artifact_manifest_csv,True,True,6262,2946a3d7a16964c25b85c00610556ef84ccea5680c3c98ca1d267be6dd43e9fd
/home/merwijas/deu_class/CLASS-DEU/deu_validation/stage3b_outputs/stage3b33_external_evidence_publication_claim_lock_addendum_publication_claim_lock.md,deu_validation/stage3b_outputs/stage3b33_external_evidence_publication_claim_lock_addendum_publication_claim_lock.md,replication_high_value_artifact,True,stage3b34_artifact_manifest_csv,True,True,3845,1696647c50236ac53467e86a297f1acbb495cd186177dde2e559b3bb28a920d7
/home/merwijas/deu_class/CLASS-DEU/deu_validation/stage3b_outputs/stage3b33_external_evidence_publication_claim_lock_addendum_scope_manifest.json,deu_validation/stage3b_outputs/stage3b33_external_evidence_publication_claim_lock_addendum_scope_manifest.json,lineage_manifest:stage3b33_external_evidence_publication_claim_lock_addendum,True,lineage_core,True,True,1985,d25ec6281b1af7beadd9732411474b99951fb1ed239592c4c053ae9ec9e0156f
/home/merwijas/deu_class/CLASS-DEU/deu_validation/stage3b_outputs/stage3b34_publication_grade_replication_preflight.json,deu_validation/stage3b_outputs/stage3b34_publication_grade_replication_preflight.json,core_prev_json;lineage_json:stage3b34_publication_grade_replication_preflight;stage3b34_output:json,True,lineage_core;stage3b34_outputs;stage3b35_core_requirements,True,True,29415,2f9aeb83380776bdd56ae097b4050c57d7079b0cec75102f8209ea6755dabb27
/home/merwijas/deu_class/CLASS-DEU/deu_validation/stage3b_outputs/stage3b34_publication_grade_replication_preflight_acceptance.md,deu_validation/stage3b_outputs/stage3b34_publication_grade_replication_preflight_acceptance.md,stage3b34_output:acceptance_md,True,stage3b34_outputs,True,True,6259,184e5abe9d3e08774f248b0d3701d1c2149ea10afbf3d4ac2312f6d8178b8afc
/home/merwijas/deu_class/CLASS-DEU/deu_validation/stage3b_outputs/stage3b34_publication_grade_replication_preflight_allowed_internal_statements.csv,deu_validation/stage3b_outputs/stage3b34_publication_grade_replication_preflight_allowed_internal_statements.csv,stage3b34_output:allowed_internal_statements_csv,True,stage3b34_outputs,True,True,836,27435cbb21fe8b56e4d3fab10667e516242b4ae94b6efdd60e90f3d8a39e4642
/home/merwijas/deu_class/CLASS-DEU/deu_validation/stage3b_outputs/stage3b34_publication_grade_replication_preflight_artifact_manifest.csv,deu_validation/stage3b_outputs/stage3b34_publication_grade_replication_preflight_artifact_manifest.csv,core_prev_artifact_manifest;stage3b34_output:artifact_manifest_csv,True,stage3b34_outputs;stage3b35_core_requirements,True,True,8345,e1bf8da70e0165898e186865a5810eed1c238e9988f5d01004d59dd12ebac092
/home/merwijas/deu_class/CLASS-DEU/deu_validation/stage3b_outputs/stage3b34_publication_grade_replication_preflight_blocked_publication_claims.csv,deu_validation/stage3b_outputs/stage3b34_publication_grade_replication_preflight_blocked_publication_claims.csv,stage3b34_output:blocked_publication_claims_csv,True,stage3b34_outputs,True,True,1008,57f80a642bfb5ff744fa45c66d1219ae173257a522f96c0ec072ad1b4c77bb1d
/home/merwijas/deu_class/CLASS-DEU/deu_validation/stage3b_outputs/stage3b34_publication_grade_replication_preflight_evidence_lineage_recap.csv,deu_validation/stage3b_outputs/stage3b34_publication_grade_replication_preflight_evidence_lineage_recap.csv,core_prev_lineage;stage3b34_output:evidence_lineage_recap_csv,True,stage3b34_outputs;stage3b35_core_requirements,True,True,453,fc1af185af62c6cbb9d162265787e0aedcdbb00d2ca4ab45ae81dba93d998648
/home/merwijas/deu_class/CLASS-DEU/deu_validation/stage3b_outputs/stage3b34_publication_grade_replication_preflight_independent_reviewer_protocol.md,deu_validation/stage3b_outputs/stage3b34_publication_grade_replication_preflight_independent_reviewer_protocol.md,core_prev_reviewer_protocol;stage3b34_output:independent_reviewer_protocol_md,True,stage3b34_outputs;stage3b35_core_requirements,True,True,986,63fad6fcb915223490394574d9a5dd135f14f637cc5914fb123b608224aff8d4
/home/merwijas/deu_class/CLASS-DEU/deu_validation/stage3b_outputs/stage3b34_publication_grade_replication_preflight_preflight_manifest.json,deu_validation/stage3b_outputs/stage3b34_publication_grade_replication_preflight_preflight_manifest.json,core_prev_manifest;lineage_manifest:stage3b34_publication_grade_replication_preflight;stage3b34_output:preflight_manifest,True,lineage_core;stage3b34_outputs;stage3b35_core_requirements,True,True,1786,fcc71450b3f09f33a625bca55218a804502b976a95ea159b0c1ace9da19294a3
/home/merwijas/deu_class/CLASS-DEU/deu_validation/stage3b_outputs/stage3b34_publication_grade_replication_preflight_replication_checklist.csv,deu_validation/stage3b_outputs/stage3b34_publication_grade_replication_preflight_replication_checklist.csv,core_prev_replication_checklist;stage3b34_output:replication_checklist_csv,True,stage3b34_outputs;stage3b35_core_requirements,True,True,1459,74ba995f8473ac4f662d2b5488c27e9269e0916482f7bb30fd43067da462d2ac
/home/merwijas/deu_class/CLASS-DEU/deu_validation/stage3b_outputs/stage3b34_publication_grade_replication_preflight_replication_preflight_report.md,deu_validation/stage3b_outputs/stage3b34_publication_grade_replication_preflight_replication_preflight_report.md,stage3b34_output:replication_report_md,True,stage3b34_outputs,True,True,1271,3c316bb1e428ce03c353f349ae74c4ae55fd756c437708b96e3ba3fd6f90430a
/home/merwijas/deu_class/CLASS-DEU/deu_validation/stage3b_outputs/stage3b34_publication_grade_replication_preflight_reproducibility_commands.md,deu_validation/stage3b_outputs/stage3b34_publication_grade_replication_preflight_reproducibility_commands.md,core_prev_repro_commands;stage3b34_output:reproducibility_commands_md,True,stage3b34_outputs;stage3b35_core_requirements,True,True,680,59af14dec887532b4aa095cebcb39326572abd1c3c2a149a21cd72d405ba6d43
/home/merwijas/deu_class/CLASS-DEU/deu_validation/stage3b_outputs/stage3b34_publication_grade_replication_preflight_reviewer_checklist.csv,deu_validation/stage3b_outputs/stage3b34_publication_grade_replication_preflight_reviewer_checklist.csv,core_prev_reviewer_checklist;stage3b34_output:reviewer_checklist_csv,True,stage3b34_outputs;stage3b35_core_requirements,True,True,988,486a9ab43e50451b4433773b369f8093fd8ca90ab212ab3af6c24facd3a87a8f
/home/merwijas/deu_class/CLASS-DEU/deu_validation/stage3b_outputs/stage3b34_publication_grade_replication_preflight_tri_anchor_context.csv,deu_validation/stage3b_outputs/stage3b34_publication_grade_replication_preflight_tri_anchor_context.csv,core_prev_tri_anchor;stage3b34_output:tri_anchor_context_csv,True,stage3b34_outputs;stage3b35_core_requirements,True,True,966,7e7b49a0c8b773825ef13d336e27afcdba7567e4205763123dea4fba2b3e6785
/home/merwijas/deu_class/CLASS-DEU/deu_validation/stage3b_outputs/stage3b34_publication_grade_replication_preflight_tt_lite_publication_scope.md,deu_validation/stage3b_outputs/stage3b34_publication_grade_replication_preflight_tt_lite_publication_scope.md,core_prev_tt_lite;stage3b34_output:tt_lite_publication_scope_md,True,stage3b34_outputs;stage3b35_core_requirements,True,True,432,a4a3e58e4a53e489fac0d54f9c2769c59fcad30d01dbde1e446dbe2bd1f96212
/home/merwijas/deu_class/CLASS-DEU/deu_validation/stage3b_outputs/stage3b9_additional_production_chains_readiness.json,deu_validation/stage3b_outputs/stage3b9_additional_production_chains_readiness.json,lineage_json:stage3b9_additional_production_chains_readiness;required_core_stage_artifact,True,lineage_core;stage3b34_artifact_manifest_csv,True,True,43688,61f3149a90d2e87fa02bf2ba1f8473ed8aef50c5f82f1b58a390e8d0bad12c34
/home/merwijas/deu_class/CLASS-DEU/deu_validation/stage3b_outputs/stage3b9_additional_production_chains_readiness_acceptance.md,deu_validation/stage3b_outputs/stage3b9_additional_production_chains_readiness_acceptance.md,required_core_stage_artifact,True,stage3b34_artifact_manifest_csv,True,True,8992,4a065089acb6cb0d4f8c903123e4ee30e07054abaf067653afa1614d948d049d
/home/merwijas/deu_class/CLASS-DEU/deu_validation/stage3b_outputs/stage3b9_additional_production_chains_readiness_readiness_manifest.json,deu_validation/stage3b_outputs/stage3b9_additional_production_chains_readiness_readiness_manifest.json,lineage_manifest:stage3b9_additional_production_chains_readiness,True,lineage_core,True,True,2020,14bc38bd3ad3b9e3c3d3cbeb98302e20872c9bc2df5e48a670793641e4c758c9
